Fecha,IP,Pais,Ciudad
2026-06-03T17:13:37,152.207.223.8,Cuba,Matanzas
2026-06-03T17:21:40,152.207.223.8,Cuba,Matanzas
2026-06-03T17:26:22,152.207.223.8,Cuba,Matanzas
2026-06-03T18:12:09,152.207.223.8,Cuba,Matanzas
2026-06-03T21:18:02,152.207.223.228,Cuba,Matanzas
2026-06-03T21:19:15,152.207.223.228,Cuba,Matanzas
2026-06-03T21:21:59,152.207.223.228,Cuba,Matanzas
2026-06-03T21:22:40,152.207.223.228,Cuba,Matanzas
2026-06-03T21:25:16,152.207.223.228,Cuba,Matanzas
2026-06-03T21:26:55,8.8.8.8,United States,Mountain View
2026-06-03T21:30:47,8.8.8.8,United States,Mountain View
2026-06-05T14:52:38,8.8.8.8,United States,Mountain View
2026-06-05T14:56:43,8.8.8.8,United States,Mountain View
2026-06-05T15:15:26,8.8.8.8,United States,Mountain View
2026-06-05T17:26:51,8.8.8.8,United States,Mountain View
2026-06-05T20:46:35,8.8.8.8,United States,Mountain View
2026-06-05T20:51:15,8.8.8.8,United States,Mountain View
2026-06-05T20:57:17,8.8.8.8,United States,Mountain View
2026-06-05T20:59:32,8.8.8.8,United States,Mountain View
2026-06-05T20:59:57,8.8.8.8,United States,Mountain View
2026-06-07T17:44:00,8.8.8.8,United States,Mountain View
2026-06-07T17:45:54,8.8.8.8,United States,Mountain View
2026-06-07T17:52:42,8.8.8.8,United States,Mountain View
2026-06-07T17:53:40,8.8.8.8,United States,Mountain View
2026-06-07T17:56:26,8.8.8.8,United States,Mountain View
2026-06-07T18:09:14,8.8.8.8,United States,Mountain View
2026-06-07T18:10:32,8.8.8.8,United States,Mountain View
2026-06-07T18:32:13,8.8.8.8,United States,Mountain View
2026-06-07T18:34:47,8.8.8.8,United States,Mountain View
